"id","title","cogs","price","variant"
"136650063902:1766258671646","MK 2017 Slim Drawstring Elastic Waist Sweatpants Trousers Men Harem Pants Men'S Big Pockets Man Cargo Joggers","40","17.62","Black / L"
"136650063902:1766258704414","MK 2017 Slim Drawstring Elastic Waist Sweatpants Trousers Men Harem Pants Men'S Big Pockets Man Cargo Joggers","43","17.62","Black / XL"
"136650063902:1766258737182","MK 2017 Slim Drawstring Elastic Waist Sweatpants Trousers Men Harem Pants Men'S Big Pockets Man Cargo Joggers","","17.62","Black / XXL"
"136650063902:1766258802718","MK 2017 Slim Drawstring Elastic Waist Sweatpants Trousers Men Harem Pants Men'S Big Pockets Man Cargo Joggers","","17.62","Dark Gray / L"
"136650063902:1766258868254","MK 2017 Slim Drawstring Elastic Waist Sweatpants Trousers Men Harem Pants Men'S Big Pockets Man Cargo Joggers","","17.62","Dark Gray / XL"
"136650063902:1766258966558","MK 2017 Slim Drawstring Elastic Waist Sweatpants Trousers Men Harem Pants Men'S Big Pockets Man Cargo Joggers","","17.62","Dark Gray / XXL"
"136650063902:1766259097630","MK 2017 Slim Drawstring Elastic Waist Sweatpants Trousers Men Harem Pants Men'S Big Pockets Man Cargo Joggers","","17.62","Black / M"
"136650063902:1766259195934","MK 2017 Slim Drawstring Elastic Waist Sweatpants Trousers Men Harem Pants Men'S Big Pockets Man Cargo Joggers","","17.62","Dark Gray / M"
"136650063902:1766259294238","MK 2017 Slim Drawstring Elastic Waist Sweatpants Trousers Men Harem Pants Men'S Big Pockets Man Cargo Joggers","","17.62","Light Gray / M"
"136650063902:1766259392542","MK 2017 Slim Drawstring Elastic Waist Sweatpants Trousers Men Harem Pants Men'S Big Pockets Man Cargo Joggers","","17.62","Light Gray / L"
"136650063902:1766259490846","MK 2017 Slim Drawstring Elastic Waist Sweatpants Trousers Men Harem Pants Men'S Big Pockets Man Cargo Joggers","","17.62","Light Gray / XL"
"136650063902:1766259589150","MK 2017 Slim Drawstring Elastic Waist Sweatpants Trousers Men Harem Pants Men'S Big Pockets Man Cargo Joggers","","17.62","Light Gray / XXL"
"136650096670:1766258769950","Plus Size Fashion Mens Joggers Pants 2017 New Elastic Waist Cotton Sweatpants Male Casual Loose Long Trousers Pantalon Homme","","21.58","Light Gray / M"
"136650096670:1766258835486","Plus Size Fashion Mens Joggers Pants 2017 New Elastic Waist Cotton Sweatpants Male Casual Loose Long Trousers Pantalon Homme","","21.58","Light Gray / L"
"136650096670:1766258901022","Plus Size Fashion Mens Joggers Pants 2017 New Elastic Waist Cotton Sweatpants Male Casual Loose Long Trousers Pantalon Homme","","21.58","Light Gray / XL"
"136650096670:1766258999326","Plus Size Fashion Mens Joggers Pants 2017 New Elastic Waist Cotton Sweatpants Male Casual Loose Long Trousers Pantalon Homme","","21.58","Light Gray / XXL"
"136650096670:1766259064862","Plus Size Fashion Mens Joggers Pants 2017 New Elastic Waist Cotton Sweatpants Male Casual Loose Long Trousers Pantalon Homme","","21.58","Navy / M"
"136650096670:1766259163166","Plus Size Fashion Mens Joggers Pants 2017 New Elastic Waist Cotton Sweatpants Male Casual Loose Long Trousers Pantalon Homme","","21.58","Navy / L"
"136650096670:1766259261470","Plus Size Fashion Mens Joggers Pants 2017 New Elastic Waist Cotton Sweatpants Male Casual Loose Long Trousers Pantalon Homme","","21.58","Navy / XL"
"136650096670:1766259359774","Plus Size Fashion Mens Joggers Pants 2017 New Elastic Waist Cotton Sweatpants Male Casual Loose Long Trousers Pantalon Homme","","21.58","Navy / XXL"
"136650096670:1766259458078","Plus Size Fashion Mens Joggers Pants 2017 New Elastic Waist Cotton Sweatpants Male Casual Loose Long Trousers Pantalon Homme","","21.58","White / M"
"136650096670:1766259556382","Plus Size Fashion Mens Joggers Pants 2017 New Elastic Waist Cotton Sweatpants Male Casual Loose Long Trousers Pantalon Homme","","21.58","White / L"
"136650096670:1766259654686","Plus Size Fashion Mens Joggers Pants 2017 New Elastic Waist Cotton Sweatpants Male Casual Loose Long Trousers Pantalon Homme","","21.58","White / XL"
"136650096670:1766259720222","Plus Size Fashion Mens Joggers Pants 2017 New Elastic Waist Cotton Sweatpants Male Casual Loose Long Trousers Pantalon Homme","","21.58","White / XXL"
"136650096670:1766259785758","Plus Size Fashion Mens Joggers Pants 2017 New Elastic Waist Cotton Sweatpants Male Casual Loose Long Trousers Pantalon Homme","","21.58","Black / M"
"136650096670:1766259818526","Plus Size Fashion Mens Joggers Pants 2017 New Elastic Waist Cotton Sweatpants Male Casual Loose Long Trousers Pantalon Homme","","21.58","Black / L"
"136650096670:1766259949598","Plus Size Fashion Mens Joggers Pants 2017 New Elastic Waist Cotton Sweatpants Male Casual Loose Long Trousers Pantalon Homme","","21.58","Black / XL"
"136650096670:1766260015134","Plus Size Fashion Mens Joggers Pants 2017 New Elastic Waist Cotton Sweatpants Male Casual Loose Long Trousers Pantalon Homme","","21.58","Black / XXL"
"136650096670:1766260113438","Plus Size Fashion Mens Joggers Pants 2017 New Elastic Waist Cotton Sweatpants Male Casual Loose Long Trousers Pantalon Homme","","21.58","Light Gray / XXXL"
"136650096670:1766260211742","Plus Size Fashion Mens Joggers Pants 2017 New Elastic Waist Cotton Sweatpants Male Casual Loose Long Trousers Pantalon Homme","","21.58","Light Gray / 4XL"
"136650096670:1766260277278","Plus Size Fashion Mens Joggers Pants 2017 New Elastic Waist Cotton Sweatpants Male Casual Loose Long Trousers Pantalon Homme","","21.58","Navy / XXXL"
"136650096670:1766260342814","Plus Size Fashion Mens Joggers Pants 2017 New Elastic Waist Cotton Sweatpants Male Casual Loose Long Trousers Pantalon Homme","","21.58","Navy / 4XL"
"136650096670:1766260375582","Plus Size Fashion Mens Joggers Pants 2017 New Elastic Waist Cotton Sweatpants Male Casual Loose Long Trousers Pantalon Homme","","21.58","White / XXXL"
"136650096670:1766260441118","Plus Size Fashion Mens Joggers Pants 2017 New Elastic Waist Cotton Sweatpants Male Casual Loose Long Trousers Pantalon Homme","","21.58","White / 4XL"
"136650096670:1766260473886","Plus Size Fashion Mens Joggers Pants 2017 New Elastic Waist Cotton Sweatpants Male Casual Loose Long Trousers Pantalon Homme","","21.58","Black / XXXL"
"136650096670:1766260539422","Plus Size Fashion Mens Joggers Pants 2017 New Elastic Waist Cotton Sweatpants Male Casual Loose Long Trousers Pantalon Homme","","21.58","Black / 4XL"
"136650096670:1766260572190","Plus Size Fashion Mens Joggers Pants 2017 New Elastic Waist Cotton Sweatpants Male Casual Loose Long Trousers Pantalon Homme","","21.58","Light Gray / S"
"136650096670:1766260637726","Plus Size Fashion Mens Joggers Pants 2017 New Elastic Waist Cotton Sweatpants Male Casual Loose Long Trousers Pantalon Homme","","21.58","Navy / S"
"136650096670:1766260703262","Plus Size Fashion Mens Joggers Pants 2017 New Elastic Waist Cotton Sweatpants Male Casual Loose Long Trousers Pantalon Homme","","21.58","White / S"
"136650096670:1766260736030","Plus Size Fashion Mens Joggers Pants 2017 New Elastic Waist Cotton Sweatpants Male Casual Loose Long Trousers Pantalon Homme","","21.58","Black / S"
"136650129438:1766258933790","Winter Fleece Jacket Coats New Military Man Fleece Tactical Jacket Polartec Thermal Polar Hooded Coat Outerwear Army Clothes","","63.46","Black / XL"
"136650129438:1766259032094","Winter Fleece Jacket Coats New Military Man Fleece Tactical Jacket Polartec Thermal Polar Hooded Coat Outerwear Army Clothes","","63.46","Black / L"
"136650129438:1766259130398","Winter Fleece Jacket Coats New Military Man Fleece Tactical Jacket Polartec Thermal Polar Hooded Coat Outerwear Army Clothes","","63.46","Black / M"
"136650129438:1766259228702","Winter Fleece Jacket Coats New Military Man Fleece Tactical Jacket Polartec Thermal Polar Hooded Coat Outerwear Army Clothes","","63.46","Black / XXL"
"136650129438:1766259327006","Winter Fleece Jacket Coats New Military Man Fleece Tactical Jacket Polartec Thermal Polar Hooded Coat Outerwear Army Clothes","","63.46","Khaki / XL"
"136650129438:1766259425310","Winter Fleece Jacket Coats New Military Man Fleece Tactical Jacket Polartec Thermal Polar Hooded Coat Outerwear Army Clothes","","63.46","Khaki / L"
"136650129438:1766259523614","Winter Fleece Jacket Coats New Military Man Fleece Tactical Jacket Polartec Thermal Polar Hooded Coat Outerwear Army Clothes","","63.46","Khaki / M"
"136650129438:1766259621918","Winter Fleece Jacket Coats New Military Man Fleece Tactical Jacket Polartec Thermal Polar Hooded Coat Outerwear Army Clothes","","63.46","Khaki / XXL"
"136650129438:1766259687454","Winter Fleece Jacket Coats New Military Man Fleece Tactical Jacket Polartec Thermal Polar Hooded Coat Outerwear Army Clothes","","63.46","Army Green / XL"
"136650129438:1766259752990","Winter Fleece Jacket Coats New Military Man Fleece Tactical Jacket Polartec Thermal Polar Hooded Coat Outerwear Army Clothes","","63.46","Army Green / L"
"136650129438:1766259851294","Winter Fleece Jacket Coats New Military Man Fleece Tactical Jacket Polartec Thermal Polar Hooded Coat Outerwear Army Clothes","","63.46","Army Green / M"
"136650129438:1766259916830","Winter Fleece Jacket Coats New Military Man Fleece Tactical Jacket Polartec Thermal Polar Hooded Coat Outerwear Army Clothes","","63.46","Army Green / XXL"
"136650129438:1766259982366","Winter Fleece Jacket Coats New Military Man Fleece Tactical Jacket Polartec Thermal Polar Hooded Coat Outerwear Army Clothes","","63.46","Dark Grey / XL"
"136650129438:1766260080670","Winter Fleece Jacket Coats New Military Man Fleece Tactical Jacket Polartec Thermal Polar Hooded Coat Outerwear Army Clothes","","63.46","Dark Grey / L"
"136650129438:1766260178974","Winter Fleece Jacket Coats New Military Man Fleece Tactical Jacket Polartec Thermal Polar Hooded Coat Outerwear Army Clothes","","61.06","Dark Grey / M"
"136650129438:1766260244510","Winter Fleece Jacket Coats New Military Man Fleece Tactical Jacket Polartec Thermal Polar Hooded Coat Outerwear Army Clothes","","63.46","Dark Grey / XXL"
"136650227742:1766261096478","ZANZEA 2017 Retro Mens Long Sleeve Zip-up Bomber Jacket Baseball Army Coat Outwear","","42.78","Army Green / S"
"136650227742:1766261162014","ZANZEA 2017 Retro Mens Long Sleeve Zip-up Bomber Jacket Baseball Army Coat Outwear","","42.78","Army Green / M"
"136650227742:1766261194782","ZANZEA 2017 Retro Mens Long Sleeve Zip-up Bomber Jacket Baseball Army Coat Outwear","","42.78","Army Green / L"
"136650227742:1766261260318","ZANZEA 2017 Retro Mens Long Sleeve Zip-up Bomber Jacket Baseball Army Coat Outwear","","42.78","Army Green / XL"
"136650227742:1766261325854","ZANZEA 2017 Retro Mens Long Sleeve Zip-up Bomber Jacket Baseball Army Coat Outwear","","42.78","Army Green / XXL"
"136650227742:1766261424158","ZANZEA 2017 Retro Mens Long Sleeve Zip-up Bomber Jacket Baseball Army Coat Outwear","","42.78","Army Green / XXXL"
"136650227742:1766261522462","ZANZEA 2017 Retro Mens Long Sleeve Zip-up Bomber Jacket Baseball Army Coat Outwear","","42.78","Wine Red / S"
"136650227742:1766261620766","ZANZEA 2017 Retro Mens Long Sleeve Zip-up Bomber Jacket Baseball Army Coat Outwear","","42.78","Wine Red / M"
"136650227742:1766261686302","ZANZEA 2017 Retro Mens Long Sleeve Zip-up Bomber Jacket Baseball Army Coat Outwear","","42.78","Wine Red / L"
"136650227742:1766261784606","ZANZEA 2017 Retro Mens Long Sleeve Zip-up Bomber Jacket Baseball Army Coat Outwear","","42.78","Wine Red / XL"
"136650227742:1766261882910","ZANZEA 2017 Retro Mens Long Sleeve Zip-up Bomber Jacket Baseball Army Coat Outwear","","42.78","Wine Red / XXL"
"136650227742:1766261948446","ZANZEA 2017 Retro Mens Long Sleeve Zip-up Bomber Jacket Baseball Army Coat Outwear","","42.78","Wine Red / XXXL"
"136650227742:1766262013982","ZANZEA 2017 Retro Mens Long Sleeve Zip-up Bomber Jacket Baseball Army Coat Outwear","","42.78","Black / S"
"136650227742:1766262112286","ZANZEA 2017 Retro Mens Long Sleeve Zip-up Bomber Jacket Baseball Army Coat Outwear","","42.78","Black / M"
"136650227742:1766262210590","ZANZEA 2017 Retro Mens Long Sleeve Zip-up Bomber Jacket Baseball Army Coat Outwear","","42.78","Black / L"
"136650227742:1766262243358","ZANZEA 2017 Retro Mens Long Sleeve Zip-up Bomber Jacket Baseball Army Coat Outwear","","42.78","Black / XL"
"136650227742:1766262341662","ZANZEA 2017 Retro Mens Long Sleeve Zip-up Bomber Jacket Baseball Army Coat Outwear","","42.78","Black / XXL"
"136650227742:1766262407198","ZANZEA 2017 Retro Mens Long Sleeve Zip-up Bomber Jacket Baseball Army Coat Outwear","","42.78","Black / XXXL"
"136650260510:1766261391390","MK Fashion T Shirt Men 2017 New Summer Male Print Lapel Short Sleeve Tops Tee L XL 2XL Mens Business Shirts Plus Size T-Shirt","","20.52","Wine Red / L"
"136650260510:1766261489694","MK Fashion T Shirt Men 2017 New Summer Male Print Lapel Short Sleeve Tops Tee L XL 2XL Mens Business Shirts Plus Size T-Shirt","","20.52","Wine Red / XL"
"136650260510:1766261555230","MK Fashion T Shirt Men 2017 New Summer Male Print Lapel Short Sleeve Tops Tee L XL 2XL Mens Business Shirts Plus Size T-Shirt","","20.52","Wine Red / XXL"
"136650260510:1766261653534","MK Fashion T Shirt Men 2017 New Summer Male Print Lapel Short Sleeve Tops Tee L XL 2XL Mens Business Shirts Plus Size T-Shirt","","20.52","Black / L"
"136650260510:1766261751838","MK Fashion T Shirt Men 2017 New Summer Male Print Lapel Short Sleeve Tops Tee L XL 2XL Mens Business Shirts Plus Size T-Shirt","","20.52","Black / XL"
"136650260510:1766261850142","MK Fashion T Shirt Men 2017 New Summer Male Print Lapel Short Sleeve Tops Tee L XL 2XL Mens Business Shirts Plus Size T-Shirt","","20.52","Black / XXL"
"136650260510:1766261981214","MK Fashion T Shirt Men 2017 New Summer Male Print Lapel Short Sleeve Tops Tee L XL 2XL Mens Business Shirts Plus Size T-Shirt","","20.52","White / L"
"136650260510:1766262079518","MK Fashion T Shirt Men 2017 New Summer Male Print Lapel Short Sleeve Tops Tee L XL 2XL Mens Business Shirts Plus Size T-Shirt","","20.52","White / XL"
"136650260510:1766262145054","MK Fashion T Shirt Men 2017 New Summer Male Print Lapel Short Sleeve Tops Tee L XL 2XL Mens Business Shirts Plus Size T-Shirt","","20.52","White / XXL"
"136650293278:1766262308894","2017 New Mens Thick Stand Collar Solid Color Jacket Fashion Winter Warm Casual Slim Fit Men Outwear Parka Jackets Coat Plus Size","","48.98","Red / L"
"136650293278:1766262374430","2017 New Mens Thick Stand Collar Solid Color Jacket Fashion Winter Warm Casual Slim Fit Men Outwear Parka Jackets Coat Plus Size","","48.98","Red / XL"
"136650293278:1766262439966","2017 New Mens Thick Stand Collar Solid Color Jacket Fashion Winter Warm Casual Slim Fit Men Outwear Parka Jackets Coat Plus Size","","48.98","Red / XXL"
"136650293278:1766262472734","2017 New Mens Thick Stand Collar Solid Color Jacket Fashion Winter Warm Casual Slim Fit Men Outwear Parka Jackets Coat Plus Size","","48.98","Red / XXXL"
"136650293278:1766262505502","2017 New Mens Thick Stand Collar Solid Color Jacket Fashion Winter Warm Casual Slim Fit Men Outwear Parka Jackets Coat Plus Size","","48.98","Red / 4XL"
"136650293278:1766262538270","2017 New Mens Thick Stand Collar Solid Color Jacket Fashion Winter Warm Casual Slim Fit Men Outwear Parka Jackets Coat Plus Size","","48.98","Red / 5XL"
"136650293278:1766262571038","2017 New Mens Thick Stand Collar Solid Color Jacket Fashion Winter Warm Casual Slim Fit Men Outwear Parka Jackets Coat Plus Size","","48.98","Yellow / L"
"136650293278:1766262603806","2017 New Mens Thick Stand Collar Solid Color Jacket Fashion Winter Warm Casual Slim Fit Men Outwear Parka Jackets Coat Plus Size","","48.98","Yellow / XL"
"136650293278:1766262636574","2017 New Mens Thick Stand Collar Solid Color Jacket Fashion Winter Warm Casual Slim Fit Men Outwear Parka Jackets Coat Plus Size","","48.98","Yellow / XXL"
"136650293278:1766262669342","2017 New Mens Thick Stand Collar Solid Color Jacket Fashion Winter Warm Casual Slim Fit Men Outwear Parka Jackets Coat Plus Size","","48.98","Yellow / XXXL"
"136650293278:1766262702110","2017 New Mens Thick Stand Collar Solid Color Jacket Fashion Winter Warm Casual Slim Fit Men Outwear Parka Jackets Coat Plus Size","","48.98","Yellow / 4XL"
"136650293278:1766262734878","2017 New Mens Thick Stand Collar Solid Color Jacket Fashion Winter Warm Casual Slim Fit Men Outwear Parka Jackets Coat Plus Size","","48.98","Yellow / 5XL"
"136650293278:1766262767646","2017 New Mens Thick Stand Collar Solid Color Jacket Fashion Winter Warm Casual Slim Fit Men Outwear Parka Jackets Coat Plus Size","","48.98","Green / L"
"136650293278:1766262800414","2017 New Mens Thick Stand Collar Solid Color Jacket Fashion Winter Warm Casual Slim Fit Men Outwear Parka Jackets Coat Plus Size","","48.98","Green / XL"
"136650293278:1766262833182","2017 New Mens Thick Stand Collar Solid Color Jacket Fashion Winter Warm Casual Slim Fit Men Outwear Parka Jackets Coat Plus Size","","48.98","Green / XXL"
"136650293278:1766262865950","2017 New Mens Thick Stand Collar Solid Color Jacket Fashion Winter Warm Casual Slim Fit Men Outwear Parka Jackets Coat Plus Size","","48.98","Green / XXXL"
"136650293278:1766262898718","2017 New Mens Thick Stand Collar Solid Color Jacket Fashion Winter Warm Casual Slim Fit Men Outwear Parka Jackets Coat Plus Size","","48.98","Green / 4XL"
"136650293278:1766262931486","2017 New Mens Thick Stand Collar Solid Color Jacket Fashion Winter Warm Casual Slim Fit Men Outwear Parka Jackets Coat Plus Size","","48.98","Green / 5XL"
"136650293278:1766262964254","2017 New Mens Thick Stand Collar Solid Color Jacket Fashion Winter Warm Casual Slim Fit Men Outwear Parka Jackets Coat Plus Size","","48.98","Black / L"
"136650293278:1766262997022","2017 New Mens Thick Stand Collar Solid Color Jacket Fashion Winter Warm Casual Slim Fit Men Outwear Parka Jackets Coat Plus Size","","48.98","Black / XL"
"136650293278:1766263029790","2017 New Mens Thick Stand Collar Solid Color Jacket Fashion Winter Warm Casual Slim Fit Men Outwear Parka Jackets Coat Plus Size","","48.98","Black / XXL"
"136650293278:1766263062558","2017 New Mens Thick Stand Collar Solid Color Jacket Fashion Winter Warm Casual Slim Fit Men Outwear Parka Jackets Coat Plus Size","","48.98","Black / XXXL"
"136650293278:1766263095326","2017 New Mens Thick Stand Collar Solid Color Jacket Fashion Winter Warm Casual Slim Fit Men Outwear Parka Jackets Coat Plus Size","","48.98","Black / 4XL"
"136650293278:1766263128094","2017 New Mens Thick Stand Collar Solid Color Jacket Fashion Winter Warm Casual Slim Fit Men Outwear Parka Jackets Coat Plus Size","","48.98","Black / 5XL"
"136650293278:1766263160862","2017 New Mens Thick Stand Collar Solid Color Jacket Fashion Winter Warm Casual Slim Fit Men Outwear Parka Jackets Coat Plus Size","","48.98","Royal / L"
"136650293278:1766263193630","2017 New Mens Thick Stand Collar Solid Color Jacket Fashion Winter Warm Casual Slim Fit Men Outwear Parka Jackets Coat Plus Size","","48.98","Royal / XL"
"136650293278:1766263226398","2017 New Mens Thick Stand Collar Solid Color Jacket Fashion Winter Warm Casual Slim Fit Men Outwear Parka Jackets Coat Plus Size","","48.98","Royal / XXL"
"136650293278:1766263259166","2017 New Mens Thick Stand Collar Solid Color Jacket Fashion Winter Warm Casual Slim Fit Men Outwear Parka Jackets Coat Plus Size","","48.98","Royal / XXXL"
"136650293278:1766263291934","2017 New Mens Thick Stand Collar Solid Color Jacket Fashion Winter Warm Casual Slim Fit Men Outwear Parka Jackets Coat Plus Size","","48.98","Royal / 4XL"
"136650293278:1766263324702","2017 New Mens Thick Stand Collar Solid Color Jacket Fashion Winter Warm Casual Slim Fit Men Outwear Parka Jackets Coat Plus Size","","48.98","Royal / 5XL"
"136650326046:1766263357470","Hot Sale Vintage Unisex Women Men Patrol Fatigue Army Cap Fabric Adjustable Red Star  Sun Casual Military Hat","","5.20","Black"
"136650326046:1766263390238","Hot Sale Vintage Unisex Women Men Patrol Fatigue Army Cap Fabric Adjustable Red Star  Sun Casual Military Hat","","5.20","Navy"
"136650326046:1766263423006","Hot Sale Vintage Unisex Women Men Patrol Fatigue Army Cap Fabric Adjustable Red Star  Sun Casual Military Hat","","5.20","Olive"
"136650326046:1766263455774","Hot Sale Vintage Unisex Women Men Patrol Fatigue Army Cap Fabric Adjustable Red Star  Sun Casual Military Hat","","5.20","Beige"
"136650358814:1766263488542","2017 Winter Fashion Men Cardigans Stylish Fashion Knitted Cardigan Men's Jacket Slim Long Sleeve Casual Sweater Coat For Male","","47.26","Purple / M"
"136650358814:1766263521310","2017 Winter Fashion Men Cardigans Stylish Fashion Knitted Cardigan Men's Jacket Slim Long Sleeve Casual Sweater Coat For Male","","47.26","Purple / L"
"136650358814:1766263586846","2017 Winter Fashion Men Cardigans Stylish Fashion Knitted Cardigan Men's Jacket Slim Long Sleeve Casual Sweater Coat For Male","","47.26","Purple / XL"
"136650358814:1766263652382","2017 Winter Fashion Men Cardigans Stylish Fashion Knitted Cardigan Men's Jacket Slim Long Sleeve Casual Sweater Coat For Male","","47.26","Purple / XXL"
"136650358814:1766263717918","2017 Winter Fashion Men Cardigans Stylish Fashion Knitted Cardigan Men's Jacket Slim Long Sleeve Casual Sweater Coat For Male","","47.26","Black / M"
"136650358814:1766263783454","2017 Winter Fashion Men Cardigans Stylish Fashion Knitted Cardigan Men's Jacket Slim Long Sleeve Casual Sweater Coat For Male","","47.26","Black / L"
"136650358814:1766263848990","2017 Winter Fashion Men Cardigans Stylish Fashion Knitted Cardigan Men's Jacket Slim Long Sleeve Casual Sweater Coat For Male","","47.26","Black / XL"
"136650358814:1766263914526","2017 Winter Fashion Men Cardigans Stylish Fashion Knitted Cardigan Men's Jacket Slim Long Sleeve Casual Sweater Coat For Male","","47.26","Black / XXL"
"136650358814:1766263980062","2017 Winter Fashion Men Cardigans Stylish Fashion Knitted Cardigan Men's Jacket Slim Long Sleeve Casual Sweater Coat For Male","","47.26","Beige / M"
"136650358814:1766264078366","2017 Winter Fashion Men Cardigans Stylish Fashion Knitted Cardigan Men's Jacket Slim Long Sleeve Casual Sweater Coat For Male","","47.26","Beige / L"
"136650358814:1766264176670","2017 Winter Fashion Men Cardigans Stylish Fashion Knitted Cardigan Men's Jacket Slim Long Sleeve Casual Sweater Coat For Male","","47.26","Beige / XL"
"136650358814:1766264307742","2017 Winter Fashion Men Cardigans Stylish Fashion Knitted Cardigan Men's Jacket Slim Long Sleeve Casual Sweater Coat For Male","","47.26","Beige / XXL"
"136650358814:1766264406046","2017 Winter Fashion Men Cardigans Stylish Fashion Knitted Cardigan Men's Jacket Slim Long Sleeve Casual Sweater Coat For Male","","47.26","Dark Grey / M"
"136650358814:1766264504350","2017 Winter Fashion Men Cardigans Stylish Fashion Knitted Cardigan Men's Jacket Slim Long Sleeve Casual Sweater Coat For Male","","47.26","Dark Grey / L"
"136650358814:1766264602654","2017 Winter Fashion Men Cardigans Stylish Fashion Knitted Cardigan Men's Jacket Slim Long Sleeve Casual Sweater Coat For Male","","47.26","Dark Grey / XL"
"136650358814:1766264897566","2017 Winter Fashion Men Cardigans Stylish Fashion Knitted Cardigan Men's Jacket Slim Long Sleeve Casual Sweater Coat For Male","","47.26","Dark Grey / XXL"
"136650358814:1766264930334","2017 Winter Fashion Men Cardigans Stylish Fashion Knitted Cardigan Men's Jacket Slim Long Sleeve Casual Sweater Coat For Male","","47.26","Blue / M"
"136650358814:1766264963102","2017 Winter Fashion Men Cardigans Stylish Fashion Knitted Cardigan Men's Jacket Slim Long Sleeve Casual Sweater Coat For Male","","47.26","Blue / L"
"136650358814:1766264995870","2017 Winter Fashion Men Cardigans Stylish Fashion Knitted Cardigan Men's Jacket Slim Long Sleeve Casual Sweater Coat For Male","","47.26","Blue / XL"
"136650358814:1766265061406","2017 Winter Fashion Men Cardigans Stylish Fashion Knitted Cardigan Men's Jacket Slim Long Sleeve Casual Sweater Coat For Male","","47.26","Blue / XXL"
"136650391582:1766263554078","Large Size 2017 Fashion Mens Plus Size Zipper Casual Stand Collar Jacket Solid Overcoat Waterproof Coat Mens Clothes","","54.04","Black / L"
"136650391582:1766263619614","Large Size 2017 Fashion Mens Plus Size Zipper Casual Stand Collar Jacket Solid Overcoat Waterproof Coat Mens Clothes","","54.04","Black / XL"
"136650391582:1766263685150","Large Size 2017 Fashion Mens Plus Size Zipper Casual Stand Collar Jacket Solid Overcoat Waterproof Coat Mens Clothes","","54.04","Black / XXL"
"136650391582:1766263750686","Large Size 2017 Fashion Mens Plus Size Zipper Casual Stand Collar Jacket Solid Overcoat Waterproof Coat Mens Clothes","","54.04","Black / XXXL"
"136650391582:1766263816222","Large Size 2017 Fashion Mens Plus Size Zipper Casual Stand Collar Jacket Solid Overcoat Waterproof Coat Mens Clothes","","54.04","Blue / L"
"136650391582:1766263881758","Large Size 2017 Fashion Mens Plus Size Zipper Casual Stand Collar Jacket Solid Overcoat Waterproof Coat Mens Clothes","","54.04","Blue / XL"
"136650391582:1766263947294","Large Size 2017 Fashion Mens Plus Size Zipper Casual Stand Collar Jacket Solid Overcoat Waterproof Coat Mens Clothes","","54.04","Blue / XXL"
"136650391582:1766264045598","Large Size 2017 Fashion Mens Plus Size Zipper Casual Stand Collar Jacket Solid Overcoat Waterproof Coat Mens Clothes","","54.04","Blue / XXXL"
"136650391582:1766264143902","Large Size 2017 Fashion Mens Plus Size Zipper Casual Stand Collar Jacket Solid Overcoat Waterproof Coat Mens Clothes","","54.04","Black / 6XL"
"136650391582:1766264242206","Large Size 2017 Fashion Mens Plus Size Zipper Casual Stand Collar Jacket Solid Overcoat Waterproof Coat Mens Clothes","","54.04","Black / 5XL"
"136650391582:1766264340510","Large Size 2017 Fashion Mens Plus Size Zipper Casual Stand Collar Jacket Solid Overcoat Waterproof Coat Mens Clothes","","54.04","Black / 4XL"
"136650391582:1766264471582","Large Size 2017 Fashion Mens Plus Size Zipper Casual Stand Collar Jacket Solid Overcoat Waterproof Coat Mens Clothes","","54.04","Blue / 6XL"
"136650391582:1766264569886","Large Size 2017 Fashion Mens Plus Size Zipper Casual Stand Collar Jacket Solid Overcoat Waterproof Coat Mens Clothes","","54.04","Blue / 5XL"
"136650391582:1766264635422","Large Size 2017 Fashion Mens Plus Size Zipper Casual Stand Collar Jacket Solid Overcoat Waterproof Coat Mens Clothes","","54.04","Blue / 4XL"
"297292824606:4353655013406","test product","","20.00","S / black"
"297292824606:4353655046174","test product","","20.00","S / blue"
"297292824606:4353655078942","test product","","20.00","L / black"
"297292824606:4353655111710","test product","","20.00","L / blue"
"297393127454:4355512696862","test product two","","39.00","L"
"297449127966:4356636573729","Live Test Product Up","","50.00","L"
"297449127966:4356636639262","Live Test Product Up","","51.00","XL"